,State,Rate,Method,Training_R2,Test_R2
0,AK,homicide_rate,linear_regression,0.6343683328016592,-0.19630453770807232
0,AK,homicide_rate,random_forest,0.8871101597772382,0.6326776802343841
0,AK,violent_crime_rate,linear_regression,0.5179069676407518,0.3513442657547876
0,AK,violent_crime_rate,random_forest,0.8697252574314102,0.41678427721244315
0,AK,robbery_rate,linear_regression,0.2269398994845575,-0.48440122327112967
0,AK,robbery_rate,random_forest,0.7026040877005885,-0.4724759648980392
0,AK,aggravated_assault_rate,linear_regression,0.5692328861260949,0.45720181435101426
0,AK,aggravated_assault_rate,random_forest,0.8977647318833835,0.5225538979067379
0,AK,property_crime_rate,linear_regression,0.8901061657455893,0.9049442179340613
0,AK,property_crime_rate,random_forest,0.9693602230642075,0.8840257628027106
0,AK,burglary_rate,linear_regression,0.9033426938894108,0.8312533648964386
0,AK,burglary_rate,random_forest,0.9790087500169914,0.9619922929697092
0,AK,larceny_rate,linear_regression,0.8506564275739537,0.9214285556641244
0,AK,larceny_rate,random_forest,0.9565459027716816,0.7707268904496918
0,AK,motor_vehicle_theft_rate,linear_regression,0.7292550722908796,0.2432559277213353
0,AK,motor_vehicle_theft_rate,random_forest,0.9206340721493232,0.5403777039320223
0,AL,homicide_rate,linear_regression,0.5887939080591975,0.2172284522001111
0,AL,homicide_rate,random_forest,0.9238754545559459,0.4363295907306458
0,AL,violent_crime_rate,linear_regression,0.1639400610931222,-7.844702494018501
0,AL,violent_crime_rate,random_forest,0.9150083046708046,-2.3705089935953443
0,AL,robbery_rate,linear_regression,0.3481747300522443,-1.0970226909452263
0,AL,robbery_rate,random_forest,0.8889391618957291,0.4458082498165885
0,AL,aggravated_assault_rate,linear_regression,0.13677207938030167,-2.9178100131424496
0,AL,aggravated_assault_rate,random_forest,0.9160497842295721,-0.5278729917007663
0,AL,property_crime_rate,linear_regression,0.6837456706907287,-0.3399347581375842
0,AL,property_crime_rate,random_forest,0.9182205460762501,0.1387918238191138
0,AL,burglary_rate,linear_regression,0.8169952844088999,0.2032177346229599
0,AL,burglary_rate,random_forest,0.9481692998928409,0.32465511399006675
0,AL,larceny_rate,linear_regression,0.4719121979051297,-0.6041357291089022
0,AL,larceny_rate,random_forest,0.9437327011368881,0.3653170172419612
0,AL,motor_vehicle_theft_rate,linear_regression,0.31044549409521305,-0.6963291250342865
0,AL,motor_vehicle_theft_rate,random_forest,0.9272670226006315,0.4298774887210368
0,AR,homicide_rate,linear_regression,0.423092419336782,-0.886219729883674
0,AR,homicide_rate,random_forest,0.9370135688483712,-0.07319468755695602
0,AR,violent_crime_rate,linear_regression,0.36353868948763524,0.6263370189780744
0,AR,violent_crime_rate,random_forest,0.9217212165912865,0.7291209227914384
0,AR,robbery_rate,linear_regression,0.1859403720041124,-3.4516502217127423
0,AR,robbery_rate,random_forest,0.8992180653300015,-0.14842359370548275
0,AR,aggravated_assault_rate,linear_regression,0.49275419857937985,0.7022053177113035
0,AR,aggravated_assault_rate,random_forest,0.9169379694092027,0.730333001512728
0,AR,property_crime_rate,linear_regression,0.141024361355909,-1.916123270143041
0,AR,property_crime_rate,random_forest,0.864120449100488,0.28018791441725244
0,AR,burglary_rate,linear_regression,0.26758303065822386,-1.0342647574610226
0,AR,burglary_rate,random_forest,0.8628218388493561,0.06350852286589559
0,AR,larceny_rate,linear_regression,0.09525443016317903,-1.5802426277281012
0,AR,larceny_rate,random_forest,0.896563219773198,0.6151733660523834
0,AR,motor_vehicle_theft_rate,linear_regression,0.14264690640345834,-0.9184901659797873
0,AR,motor_vehicle_theft_rate,random_forest,0.9147580040483042,0.6408882180549254
0,CA,homicide_rate,linear_regression,0.8548156920298965,0.6784880484423574
0,CA,homicide_rate,random_forest,0.9721731535629927,0.9352171948498029
0,CA,violent_crime_rate,linear_regression,0.7259841352804177,-0.1006413343064203
0,CA,violent_crime_rate,random_forest,0.9713086872630918,0.5971979829762208
0,CA,robbery_rate,linear_regression,0.814866635219682,0.6064721919896428
0,CA,robbery_rate,random_forest,0.9686181548146527,0.9154884965490414
0,CA,aggravated_assault_rate,linear_regression,0.5573429896288359,-1.7409180103293367
0,CA,aggravated_assault_rate,random_forest,0.9719901038838726,0.011343924428580121
0,CA,property_crime_rate,linear_regression,0.9513117949648014,0.8487605669094513
0,CA,property_crime_rate,random_forest,0.9954210210874841,0.9749790314212874
0,CA,burglary_rate,linear_regression,0.8977871955275027,0.8790192810727202
0,CA,burglary_rate,random_forest,0.988212306819347,0.9745148193290648
0,CA,larceny_rate,linear_regression,0.9488478332162019,0.8744717545989935
0,CA,larceny_rate,random_forest,0.9955954763724795,0.9692807940806895
0,CA,motor_vehicle_theft_rate,linear_regression,0.5999701635716777,-1.234156441742131
0,CA,motor_vehicle_theft_rate,random_forest,0.9455833046218295,-0.14469718719954794
0,CO,homicide_rate,linear_regression,0.7715321834706281,0.041560073521560326
0,CO,homicide_rate,random_forest,0.9305312408293206,0.6464260206914486
0,CO,violent_crime_rate,linear_regression,0.6813317409844583,-0.058052640404748335
0,CO,violent_crime_rate,random_forest,0.9614126724903082,0.6341956793103325
0,CO,robbery_rate,linear_regression,0.8357728450730741,0.7322751756025663
0,CO,robbery_rate,random_forest,0.9684852007127551,0.8980177100402291
0,CO,aggravated_assault_rate,linear_regression,0.5611755894170274,-0.7161305286997002
0,CO,aggravated_assault_rate,random_forest,0.9555865160485902,0.42084622635594926
0,CO,property_crime_rate,linear_regression,0.960117976485562,0.8957228289169435
0,CO,property_crime_rate,random_forest,0.9949490498312138,0.9757750087495336
0,CO,burglary_rate,linear_regression,0.8960794678728179,0.8557328671051139
0,CO,burglary_rate,random_forest,0.9897441915437661,0.9835220526417484
0,CO,larceny_rate,linear_regression,0.9561356559061976,0.9129499220535559
0,CO,larceny_rate,random_forest,0.9952585311351511,0.9739751131369705
0,CO,motor_vehicle_theft_rate,linear_regression,0.2959391126062326,-0.03595942269927743
0,CO,motor_vehicle_theft_rate,random_forest,0.9301921651808785,0.14547630445269644
0,CT,homicide_rate,linear_regression,0.6133408291414684,-2.6653414619789233
0,CT,homicide_rate,random_forest,0.9141356243142278,-0.9367517310635618
0,CT,violent_crime_rate,linear_regression,0.7321413801169225,0.566453271203359
0,CT,violent_crime_rate,random_forest,0.953745850228266,0.8753615087080097
0,CT,robbery_rate,linear_regression,0.902069337826889,0.7152437952175112
0,CT,robbery_rate,random_forest,0.9727001139428281,0.9433897293162181
0,CT,aggravated_assault_rate,linear_regression,0.4329290497537924,0.11416303227327684
0,CT,aggravated_assault_rate,random_forest,0.912784142310981,0.7879218620381994
0,CT,property_crime_rate,linear_regression,0.9594396632978552,0.8916495628410857
0,CT,property_crime_rate,random_forest,0.9913693384675053,0.9490960017997605
0,CT,burglary_rate,linear_regression,0.9335083477435937,0.8773284593554413
0,CT,burglary_rate,random_forest,0.9935256019214319,0.9658773138946832
0,CT,larceny_rate,linear_regression,0.9681197905929351,0.935517024042962
0,CT,larceny_rate,random_forest,0.9934660930748344,0.9613433050980704
0,CT,motor_vehicle_theft_rate,linear_regression,0.7635679782948839,0.48460218969799074
0,CT,motor_vehicle_theft_rate,random_forest,0.961633517440422,0.668401918953013
0,DE,homicide_rate,linear_regression,0.09366741457268324,-0.18142772134259144
0,DE,homicide_rate,random_forest,0.818636750394675,0.43473342247697366
0,DE,violent_crime_rate,linear_regression,0.12250265327099885,0.06733991174445453
0,DE,violent_crime_rate,random_forest,0.8911176748864426,0.8853238703024129
0,DE,robbery_rate,linear_regression,0.10897819705197587,0.06799596149871379
0,DE,robbery_rate,random_forest,0.7590676994958503,0.7375494519737338
0,DE,aggravated_assault_rate,linear_regression,0.09174111121114825,0.19693335947853452
0,DE,aggravated_assault_rate,random_forest,0.8926034511254283,0.8635772853138082
0,DE,property_crime_rate,linear_regression,0.8585098524468304,0.8806548871942359
0,DE,property_crime_rate,random_forest,0.969683138731426,0.9504648306541142
0,DE,burglary_rate,linear_regression,0.8117758017369782,0.8520882796397591
0,DE,burglary_rate,random_forest,0.9617619429768958,0.9327483025639152
0,DE,larceny_rate,linear_regression,0.8369440640594367,0.8667696121275053
0,DE,larceny_rate,random_forest,0.9658099764026451,0.9471764540987987
0,DE,motor_vehicle_theft_rate,linear_regression,0.5981801850988294,0.6481751455418475
0,DE,motor_vehicle_theft_rate,random_forest,0.8894639787424828,0.7564851057883569
0,FL,homicide_rate,linear_regression,0.8730684849665753,0.45575219803021494
0,FL,homicide_rate,random_forest,0.9871960404027857,0.9208683187379917
0,FL,violent_crime_rate,linear_regression,0.7284016379312752,0.27633913555392353
0,FL,violent_crime_rate,random_forest,0.9789233104475342,0.8432477717325049
0,FL,robbery_rate,linear_regression,0.8556860797724699,0.06925535973121355
0,FL,robbery_rate,random_forest,0.9743532202802716,0.6954939497613659
0,FL,aggravated_assault_rate,linear_regression,0.573238627746373,0.1635140199308488
0,FL,aggravated_assault_rate,random_forest,0.9724628221764563,0.9224603225435902
0,FL,property_crime_rate,linear_regression,0.8835779707672994,0.7311930518331409
0,FL,property_crime_rate,random_forest,0.9852783567589616,0.8252390584792503
0,FL,burglary_rate,linear_regression,0.9563391278283563,0.762247314248092
0,FL,burglary_rate,random_forest,0.9875866968104885,0.8984010742472429
0,FL,larceny_rate,linear_regression,0.8573964827346332,0.7388866606707033
0,FL,larceny_rate,random_forest,0.9875265276495205,0.8640215593990462
0,FL,motor_vehicle_theft_rate,linear_regression,0.5021095023755795,-0.41174201979225766
0,FL,motor_vehicle_theft_rate,random_forest,0.9701363943197336,0.9046054726671259
0,GA,homicide_rate,linear_regression,0.7948426689569215,0.3867818668807357
0,GA,homicide_rate,random_forest,0.9465036786210288,0.6216671621389203
0,GA,violent_crime_rate,linear_regression,0.5214819237967558,-0.6883505044983298
0,GA,violent_crime_rate,random_forest,0.9790932203466173,0.5175716381084092
0,GA,robbery_rate,linear_regression,0.5334332573039926,-0.021980523889649106
0,GA,robbery_rate,random_forest,0.935802933902431,0.5665138585468338
0,GA,aggravated_assault_rate,linear_regression,0.41663890082328414,-1.6300736503488795
0,GA,aggravated_assault_rate,random_forest,0.9803215049896313,0.35186851249769946
0,GA,property_crime_rate,linear_regression,0.669370278986684,0.11363729802984501
0,GA,property_crime_rate,random_forest,0.9644014558849331,0.6713308151447266
0,GA,burglary_rate,linear_regression,0.8399533367606811,0.6875233409231657
0,GA,burglary_rate,random_forest,0.9692682496825187,0.7971618338422019
0,GA,larceny_rate,linear_regression,0.5122347287060922,-0.3165022379856397
0,GA,larceny_rate,random_forest,0.9739698005356046,0.655987568002098
0,GA,motor_vehicle_theft_rate,linear_regression,0.26486394951989156,-0.8036432268369733
0,GA,motor_vehicle_theft_rate,random_forest,0.9436012624980249,0.8681968699762602
0,IA,homicide_rate,linear_regression,0.23715229339531652,-0.8488246601765521
0,IA,homicide_rate,random_forest,0.7723763551837461,0.017639895944692174
0,IA,violent_crime_rate,linear_regression,0.4083159032046304,0.541134311404774
0,IA,violent_crime_rate,random_forest,0.9017754436655002,0.8989191843226201
0,IA,robbery_rate,linear_regression,0.49868415499383534,-0.3707407736982866
0,IA,robbery_rate,random_forest,0.8036124723665145,0.28183940319274225
0,IA,aggravated_assault_rate,linear_regression,0.354103861792714,0.5070711280198155
0,IA,aggravated_assault_rate,random_forest,0.9154333659727226,0.9053086565515939
0,IA,property_crime_rate,linear_regression,0.9713559116936883,0.8982878969615391
0,IA,property_crime_rate,random_forest,0.9886329824101047,0.9311987675290342
0,IA,burglary_rate,linear_regression,0.9445900064706438,0.8676211071711012
0,IA,burglary_rate,random_forest,0.9818201463820647,0.9067129649947481
0,IA,larceny_rate,linear_regression,0.9639495231693542,0.8572809848306683
0,IA,larceny_rate,random_forest,0.9886226811082047,0.9169741085955588
0,IA,motor_vehicle_theft_rate,linear_regression,0.39615257965097206,-0.11965152286469705
0,IA,motor_vehicle_theft_rate,random_forest,0.8807742506988292,0.5412591299592526
0,ID,homicide_rate,linear_regression,0.5729404118868271,0.24158837635066288
0,ID,homicide_rate,random_forest,0.8193341205855028,0.08266777663559621
0,ID,violent_crime_rate,linear_regression,0.31382840648602817,-0.26576547844559206
0,ID,violent_crime_rate,random_forest,0.8111341272296768,0.4771376337712453
0,ID,robbery_rate,linear_regression,0.6804017808464968,0.5387450335825773
0,ID,robbery_rate,random_forest,0.9369979783925864,0.9269193703431821
0,ID,aggravated_assault_rate,linear_regression,0.42064612360899645,-0.5077563460402998
0,ID,aggravated_assault_rate,random_forest,0.8636284900676435,0.19580796033949566
0,ID,property_crime_rate,linear_regression,0.9229187896329405,0.8699652089792447
0,ID,property_crime_rate,random_forest,0.9849179289345178,0.8762443886158872
0,ID,burglary_rate,linear_regression,0.9594354638365017,0.9745808690334953
0,ID,burglary_rate,random_forest,0.985040185098759,0.9318972948671492
0,ID,larceny_rate,linear_regression,0.8577463509362091,0.712601861723474
0,ID,larceny_rate,random_forest,0.9844231696218271,0.8501330172311584
0,ID,motor_vehicle_theft_rate,linear_regression,0.5548209214200888,0.6195635569595108
0,ID,motor_vehicle_theft_rate,random_forest,0.9372906893332348,0.5671060974338242
0,IL,homicide_rate,linear_regression,0.6341750664861385,-0.1770970404886998
0,IL,homicide_rate,random_forest,0.9424255109462828,0.4131306523867645
0,IL,violent_crime_rate,linear_regression,0.6990447719247997,0.18425960129311003
0,IL,violent_crime_rate,random_forest,0.9887793135823643,0.793423870133986
0,IL,robbery_rate,linear_regression,0.8141723718663643,0.5700406575892587
0,IL,robbery_rate,random_forest,0.962337247429488,0.8741467738257294
0,IL,aggravated_assault_rate,linear_regression,0.52450653815448,-0.2915245684931229
0,IL,aggravated_assault_rate,random_forest,0.9820776319335848,0.7572328764569797
0,IL,property_crime_rate,linear_regression,0.9567053962616516,0.924826260980476
0,IL,property_crime_rate,random_forest,0.9917478818507474,0.9640254144905891
0,IL,burglary_rate,linear_regression,0.9590314495604231,0.944642210318066
0,IL,burglary_rate,random_forest,0.9897341409785181,0.961823405643616
0,IL,larceny_rate,linear_regression,0.8989238358066455,0.8247898850911444
0,IL,larceny_rate,random_forest,0.9890856851892929,0.9180944725178791
0,IL,motor_vehicle_theft_rate,linear_regression,0.9251033992160095,0.9504741660388352
0,IL,motor_vehicle_theft_rate,random_forest,0.987679149083838,0.9792051458791303
0,IN,homicide_rate,linear_regression,0.39996751220556637,-0.515546394796701
0,IN,homicide_rate,random_forest,0.8878133600808679,0.16573449373607607
0,IN,violent_crime_rate,linear_regression,0.11967203199769738,-3.586636686733673
0,IN,violent_crime_rate,random_forest,0.9106401916619169,-1.2619677043402104
0,IN,robbery_rate,linear_regression,0.21498772433568902,-0.2214418612606961
0,IN,robbery_rate,random_forest,0.829905877031091,0.3231470915893564
0,IN,aggravated_assault_rate,linear_regression,0.08022926929861329,-1.7756373017762082
0,IN,aggravated_assault_rate,random_forest,0.9148643011197981,-0.5271324146421525
0,IN,property_crime_rate,linear_regression,0.8039080752880127,0.6295421785266497
0,IN,property_crime_rate,random_forest,0.9571170885627601,0.8002792220972349
0,IN,burglary_rate,linear_regression,0.8297204949927225,0.8325484216665772
0,IN,burglary_rate,random_forest,0.9775862835061429,0.9124221246354456
0,IN,larceny_rate,linear_regression,0.7055639742148346,0.39057943315959265
0,IN,larceny_rate,random_forest,0.9542579155635266,0.7086177808836833
0,IN,motor_vehicle_theft_rate,linear_regression,0.5817762114411874,0.5584996334308676
0,IN,motor_vehicle_theft_rate,random_forest,0.9492918640353856,0.8807947197416711
0,KS,homicide_rate,linear_regression,0.4503276870005217,-0.5268378802163598
0,KS,homicide_rate,random_forest,0.8493063107287078,-0.22496247171878325
0,KS,violent_crime_rate,linear_regression,0.18683585523667867,-1.0089545372422477
0,KS,violent_crime_rate,random_forest,0.7893286081447455,0.40402762972341055
0,KS,robbery_rate,linear_regression,0.6086761178324764,0.03353801738870699
0,KS,robbery_rate,random_forest,0.903919044626201,0.3285414782648812
0,KS,aggravated_assault_rate,linear_regression,0.427567857556855,0.2898414597442036
0,KS,aggravated_assault_rate,random_forest,0.8958094265178691,0.5276656493392733
0,KS,property_crime_rate,linear_regression,0.8648897555756642,0.5640258930840794
0,KS,property_crime_rate,random_forest,0.9687856629778807,0.7752427968192152
0,KS,burglary_rate,linear_regression,0.9391646407380532,0.7683003152618932
0,KS,burglary_rate,random_forest,0.9805418911676843,0.8783202644983563
0,KS,larceny_rate,linear_regression,0.7452933648251595,0.4410068231893094
0,KS,larceny_rate,random_forest,0.9555237202101794,0.7712426538003371
0,KS,motor_vehicle_theft_rate,linear_regression,0.09137753634572288,-0.735738735344849
0,KS,motor_vehicle_theft_rate,random_forest,0.7998615567018409,-0.44502663649905205
0,KY,homicide_rate,linear_regression,0.6914666084402354,0.152136045107653
0,KY,homicide_rate,random_forest,0.9411922981350476,0.4314877499461438
0,KY,violent_crime_rate,linear_regression,0.5226930200912552,-3.6437961470471016
0,KY,violent_crime_rate,random_forest,0.9201633508286038,-1.351862523135936
0,KY,robbery_rate,linear_regression,0.5331419972707565,-0.20422675833069404
0,KY,robbery_rate,random_forest,0.8335617838898112,0.056364480209425416
0,KY,aggravated_assault_rate,linear_regression,0.48710753149318475,-2.5751152184616752
0,KY,aggravated_assault_rate,random_forest,0.9197726361494041,-0.0758945092493295
0,KY,property_crime_rate,linear_regression,0.8336868436780357,0.4512480817548522
0,KY,property_crime_rate,random_forest,0.9627705867031306,0.4970091481151212
0,KY,burglary_rate,linear_regression,0.8110394741276228,0.6918138371270386
0,KY,burglary_rate,random_forest,0.9681123560079901,0.6614983108046736
0,KY,larceny_rate,linear_regression,0.6787968942869914,0.15188124374646983
0,KY,larceny_rate,random_forest,0.9354107975821726,0.443421020025627
0,KY,motor_vehicle_theft_rate,linear_regression,0.2326388340721509,-0.43595795560991957
0,KY,motor_vehicle_theft_rate,random_forest,0.86285505444336,0.4877258668649408
0,LA,homicide_rate,linear_regression,0.48740771431905394,-0.7764862197579907
0,LA,homicide_rate,random_forest,0.8994769355237094,-0.2771141278560687
0,LA,violent_crime_rate,linear_regression,0.4280273660734141,-3.060894022709972
0,LA,violent_crime_rate,random_forest,0.9502172200085247,0.38449439720835965
0,LA,robbery_rate,linear_regression,0.6727291727370207,-0.04684598410967333
0,LA,robbery_rate,random_forest,0.9783466620594412,0.6802741315163998
0,LA,aggravated_assault_rate,linear_regression,0.2650672146223574,-2.190608856076641
0,LA,aggravated_assault_rate,random_forest,0.8649356394495492,0.08653918115332282
0,LA,property_crime_rate,linear_regression,0.6612157462426176,-0.16867044981413826
0,LA,property_crime_rate,random_forest,0.9764780873424704,0.7915722222858717
0,LA,burglary_rate,linear_regression,0.8957230731699894,0.7414132092871778
0,LA,burglary_rate,random_forest,0.9779947261097897,0.8251484468796391
0,LA,larceny_rate,linear_regression,0.5291385993212225,-0.7533522784939184
0,LA,larceny_rate,random_forest,0.9518491633573147,0.8667696937163728
0,LA,motor_vehicle_theft_rate,linear_regression,0.5103913185415831,-1.9290810929873916
0,LA,motor_vehicle_theft_rate,random_forest,0.9731427172034529,0.8020851005350442
0,MA,homicide_rate,linear_regression,0.6331994740382629,0.1987508622235009
0,MA,homicide_rate,random_forest,0.9153217846121952,0.8014265680782997
0,MA,violent_crime_rate,linear_regression,0.6552063843806886,-1.066754376233312
0,MA,violent_crime_rate,random_forest,0.9766638992027165,0.5872466211252019
0,MA,robbery_rate,linear_regression,0.8732982933096047,0.7263373257817591
0,MA,robbery_rate,random_forest,0.9770846959348659,0.8494355723635958
0,MA,aggravated_assault_rate,linear_regression,0.3936263484979422,-3.0545214113450587
0,MA,aggravated_assault_rate,random_forest,0.9798798665507512,0.6522027236503527
0,MA,property_crime_rate,linear_regression,0.949293178930374,0.917355778834265
0,MA,property_crime_rate,random_forest,0.9887004779228018,0.9629576282057141
0,MA,burglary_rate,linear_regression,0.8865563341211271,0.870313081744866
0,MA,burglary_rate,random_forest,0.9903545588403102,0.9646554507069347
0,MA,larceny_rate,linear_regression,0.9144620658841751,0.8601955754492883
0,MA,larceny_rate,random_forest,0.979070475666694,0.917400474093066
0,MA,motor_vehicle_theft_rate,linear_regression,0.9511320832844781,0.9189394117846893
0,MA,motor_vehicle_theft_rate,random_forest,0.9950034666205102,0.9644005847911966
0,MD,homicide_rate,linear_regression,0.41655154168137765,-2.457096674712539
0,MD,homicide_rate,random_forest,0.9054895390113255,-0.33626249395722074
0,MD,violent_crime_rate,linear_regression,0.7371462878995363,0.38622560657775107
0,MD,violent_crime_rate,random_forest,0.973826094483716,0.8958597571929529
0,MD,robbery_rate,linear_regression,0.7542805079596214,0.02511769238724637
0,MD,robbery_rate,random_forest,0.9553969375337716,0.6075533277027081
0,MD,aggravated_assault_rate,linear_regression,0.5963409747174093,0.49749599238785525
0,MD,aggravated_assault_rate,random_forest,0.9732495321349901,0.9378607746695092
0,MD,property_crime_rate,linear_regression,0.883649094711358,0.8164497322852063
0,MD,property_crime_rate,random_forest,0.979669926583892,0.9101594659037353
0,MD,burglary_rate,linear_regression,0.9581821262038499,0.9533989688146558
0,MD,burglary_rate,random_forest,0.990550156425529,0.9705765668973158
0,MD,larceny_rate,linear_regression,0.8339654201704298,0.8011832756064331
0,MD,larceny_rate,random_forest,0.9742763894168567,0.8934225314042344
0,MD,motor_vehicle_theft_rate,linear_regression,0.42166934381562515,-0.5612230391662292
0,MD,motor_vehicle_theft_rate,random_forest,0.9565494579054178,0.7968964807129146
0,ME,homicide_rate,linear_regression,0.36962850446682305,0.19520966315978705
0,ME,homicide_rate,random_forest,0.8023777829532641,0.512948590044487
0,ME,violent_crime_rate,linear_regression,0.6341197292320331,0.6723708710714039
0,ME,violent_crime_rate,random_forest,0.9445878066414634,0.9034180124578596
0,ME,robbery_rate,linear_regression,0.3104968151206473,0.3156758835899127
0,ME,robbery_rate,random_forest,0.8139263748807779,0.5691000933791317
0,ME,aggravated_assault_rate,linear_regression,0.770739270712742,0.7404640661456816
0,ME,aggravated_assault_rate,random_forest,0.9742643336562089,0.9312018136012113
0,ME,property_crime_rate,linear_regression,0.9275504164780879,0.8956502562895055
0,ME,property_crime_rate,random_forest,0.9851261416353978,0.9592159165261404
0,ME,burglary_rate,linear_regression,0.9111242685131693,0.9300350279382059
0,ME,burglary_rate,random_forest,0.9836793733824406,0.9535990041309994
0,ME,larceny_rate,linear_regression,0.8866468504126641,0.8301824706574561
0,ME,larceny_rate,random_forest,0.9811435817015783,0.9390898488806468
0,ME,motor_vehicle_theft_rate,linear_regression,0.9536990667281934,0.900200604257492
0,ME,motor_vehicle_theft_rate,random_forest,0.9797271017924366,0.8480500410452385
0,MI,homicide_rate,linear_regression,0.7885051556567579,0.4331442744944155
0,MI,homicide_rate,random_forest,0.9743894052498464,0.7725551212228086
0,MI,violent_crime_rate,linear_regression,0.7373529518384311,0.5918972554881367
0,MI,violent_crime_rate,random_forest,0.9724749528570034,0.9258947746767252
0,MI,robbery_rate,linear_regression,0.9208942689949231,0.8718083599220885
0,MI,robbery_rate,random_forest,0.9879161690579219,0.9376399065617431
0,MI,aggravated_assault_rate,linear_regression,0.4040415793529034,-0.8649090528711716
0,MI,aggravated_assault_rate,random_forest,0.9494858054336912,0.1610064572383686
0,MI,property_crime_rate,linear_regression,0.9900124719302482,0.9584255365317852
0,MI,property_crime_rate,random_forest,0.9953460473329026,0.9691955644342312
0,MI,burglary_rate,linear_regression,0.8955618239661434,0.9450986019231722
0,MI,burglary_rate,random_forest,0.9902890918252297,0.9523799286347597
0,MI,larceny_rate,linear_regression,0.9717658514499982,0.9327963799522272
0,MI,larceny_rate,random_forest,0.9940866177491391,0.9525886121804559
0,MI,motor_vehicle_theft_rate,linear_regression,0.8590551521423704,0.8219592588289906
0,MI,motor_vehicle_theft_rate,random_forest,0.9801612248078899,0.8974605360145584
0,MN,homicide_rate,linear_regression,0.2610804324140592,-1.2609362923168401
0,MN,homicide_rate,random_forest,0.8622214693141242,-0.8000600254816206
0,MN,violent_crime_rate,linear_regression,0.08729522377070131,-1.429340245227615
0,MN,violent_crime_rate,random_forest,0.9325892623949085,0.4216679290248466
0,MN,robbery_rate,linear_regression,0.5946651727973191,-1.4901772743518378
0,MN,robbery_rate,random_forest,0.9463827879572999,-0.11869802969048648
0,MN,aggravated_assault_rate,linear_regression,0.02193927985172095,-0.1720890280581957
0,MN,aggravated_assault_rate,random_forest,0.9460427074344856,0.41259261617711074
0,MN,property_crime_rate,linear_regression,0.9153945384545847,0.6797109547559701
0,MN,property_crime_rate,random_forest,0.9882199642358069,0.8442804042812936
0,MN,burglary_rate,linear_regression,0.9630125364657128,0.9031664439451537
0,MN,burglary_rate,random_forest,0.9904767496901937,0.9576182376858633
0,MN,larceny_rate,linear_regression,0.8331521998222412,0.38944682243408946
0,MN,larceny_rate,random_forest,0.9795983294830821,0.6846797641738165
0,MN,motor_vehicle_theft_rate,linear_regression,0.46633927764428174,-0.47615576863676057
0,MN,motor_vehicle_theft_rate,random_forest,0.9409748545065364,0.23232143297029262
0,MO,homicide_rate,linear_regression,0.28286645016904977,-0.3477080867819411
0,MO,homicide_rate,random_forest,0.9028218766852666,0.43967067184936626
0,MO,violent_crime_rate,linear_regression,0.25239065470864397,-5.448995137267105
0,MO,violent_crime_rate,random_forest,0.9336055554702309,-0.9979534207502072
0,MO,robbery_rate,linear_regression,0.7168328434392061,0.07733708699641373
0,MO,robbery_rate,random_forest,0.940612300875518,0.5088136042515863
0,MO,aggravated_assault_rate,linear_regression,0.029480038407105225,-0.5932105791778055
0,MO,aggravated_assault_rate,random_forest,0.879244232361748,0.2630060221763848
0,MO,property_crime_rate,linear_regression,0.8035181258785933,0.43463310329089966
0,MO,property_crime_rate,random_forest,0.962481419323384,0.7550837581408703
0,MO,burglary_rate,linear_regression,0.9037092854627058,0.8848877222631796
0,MO,burglary_rate,random_forest,0.9854330399808114,0.9548479973133199
0,MO,larceny_rate,linear_regression,0.48201820870223344,-0.0932447535497265
0,MO,larceny_rate,random_forest,0.941090298114875,0.6229151994665667
0,MO,motor_vehicle_theft_rate,linear_regression,0.28639787316104737,-0.9962007499368564
0,MO,motor_vehicle_theft_rate,random_forest,0.946137899375065,0.3635136479759349
0,MS,homicide_rate,linear_regression,0.6622371371772129,-0.4423531847050728
0,MS,homicide_rate,random_forest,0.9212966601712671,-0.3255705142936731
0,MS,violent_crime_rate,linear_regression,0.2831935685565219,-4.246716393500599
0,MS,violent_crime_rate,random_forest,0.8898534588866885,-0.012804214965050909
0,MS,robbery_rate,linear_regression,0.19572339345654477,-1.924952266953265
0,MS,robbery_rate,random_forest,0.8937978571702032,0.33475998363479986
0,MS,aggravated_assault_rate,linear_regression,0.31031724852460973,-1.353948153302428
0,MS,aggravated_assault_rate,random_forest,0.9385480732689587,0.04896366377050976
0,MS,property_crime_rate,linear_regression,0.32110751741949695,-1.1126945302898825
0,MS,property_crime_rate,random_forest,0.9574369932866281,0.7401384615801638
0,MS,burglary_rate,linear_regression,0.6943509318604114,-0.40679009837007496
0,MS,burglary_rate,random_forest,0.9232542141880893,0.34751562820939397
0,MS,larceny_rate,linear_regression,0.19548695187125775,-1.0055786326591765
0,MS,larceny_rate,random_forest,0.9418452167724132,0.7320717213175367
0,MS,motor_vehicle_theft_rate,linear_regression,0.19867702613623606,-0.8913676670443398
0,MS,motor_vehicle_theft_rate,random_forest,0.9383414752941001,0.522479349379221
0,MT,homicide_rate,linear_regression,0.11843502431285358,-0.27612564855375243
0,MT,homicide_rate,random_forest,0.6452601917348728,-0.24813754837722857
0,MT,violent_crime_rate,linear_regression,0.6081191022851586,0.8009906453952257
0,MT,violent_crime_rate,random_forest,0.955117169516868,0.7203134145120029
0,MT,robbery_rate,linear_regression,0.20413172975942406,-0.1508261313289605
0,MT,robbery_rate,random_forest,0.741045755347634,0.472977411956889
0,MT,aggravated_assault_rate,linear_regression,0.5821492530312607,0.7783840551047915
0,MT,aggravated_assault_rate,random_forest,0.957225993371496,0.6863342256437713
0,MT,property_crime_rate,linear_regression,0.8096488000304467,0.9071036371421949
0,MT,property_crime_rate,random_forest,0.9672655043545848,0.8088998342638689
0,MT,burglary_rate,linear_regression,0.8806448662860105,0.8502735495976541
0,MT,burglary_rate,random_forest,0.9795795503726691,0.9328305764146334
0,MT,larceny_rate,linear_regression,0.7332236926822615,0.8248859870871096
0,MT,larceny_rate,random_forest,0.9724725546195433,0.7629622940319848
0,MT,motor_vehicle_theft_rate,linear_regression,0.25624287981943594,-0.49488410378633274
0,MT,motor_vehicle_theft_rate,random_forest,0.8709098396761603,0.7291866591314021
0,NC,homicide_rate,linear_regression,0.6679513296431008,0.3613757912956036
0,NC,homicide_rate,random_forest,0.9305543380934423,0.48649716379680086
0,NC,violent_crime_rate,linear_regression,0.3132533652946834,-1.3820314115280232
0,NC,violent_crime_rate,random_forest,0.9375544998716073,0.4813932097866277
0,NC,robbery_rate,linear_regression,0.02435141568456778,-0.4239448790666218
0,NC,robbery_rate,random_forest,0.9560010929428603,0.9270400567491647
0,NC,aggravated_assault_rate,linear_regression,0.5206697249913097,-1.0501317753088295
0,NC,aggravated_assault_rate,random_forest,0.9848665080296738,0.3721890792061878
0,NC,property_crime_rate,linear_regression,0.461188297174423,-0.019051053819293617
0,NC,property_crime_rate,random_forest,0.9577277031944024,0.816510656726606
0,NC,burglary_rate,linear_regression,0.6360520890392672,0.23766345350237927
0,NC,burglary_rate,random_forest,0.9352320773075891,0.7845833234438844
0,NC,larceny_rate,linear_regression,0.3895106751638795,-0.16050637348590047
0,NC,larceny_rate,random_forest,0.9585910780284078,0.8073222661008508
0,NC,motor_vehicle_theft_rate,linear_regression,0.0837433089651215,0.06501523176935076
0,NC,motor_vehicle_theft_rate,random_forest,0.9729670101028582,0.8746472178959797
0,ND,homicide_rate,linear_regression,0.3410279199492474,0.42592169563581384
0,ND,homicide_rate,random_forest,0.7783983222838273,0.5572056223040189
0,ND,violent_crime_rate,linear_regression,0.8056698981593858,0.7389806880610045
0,ND,violent_crime_rate,random_forest,0.9963617228488881,0.8943011050116335
0,ND,robbery_rate,linear_regression,0.5544480454175086,0.49182560324826485
0,ND,robbery_rate,random_forest,0.9429998670761313,0.8961519481595639
0,ND,aggravated_assault_rate,linear_regression,0.7616115784279189,0.6785502591756558
0,ND,aggravated_assault_rate,random_forest,0.9961495858965875,0.8561923702430744
0,ND,property_crime_rate,linear_regression,0.712901594633216,0.46191812654579134
0,ND,property_crime_rate,random_forest,0.9533177999881642,0.6588569094080997
0,ND,burglary_rate,linear_regression,0.35332409146197574,-1.126367606981943
0,ND,burglary_rate,random_forest,0.8509746059969017,0.48513284223344033
0,ND,larceny_rate,linear_regression,0.7604620563270129,0.6449779922392771
0,ND,larceny_rate,random_forest,0.9734406548754511,0.7134011447622973
0,ND,motor_vehicle_theft_rate,linear_regression,0.38740691389624815,0.5675594196581761
0,ND,motor_vehicle_theft_rate,random_forest,0.8972011874212144,0.8342333205898451
0,NE,homicide_rate,linear_regression,0.08701866037734829,-0.030566307385046843
0,NE,homicide_rate,random_forest,0.6486769183777671,-0.04080889659675768
0,NE,violent_crime_rate,linear_regression,0.168264321680467,-0.3938216707946156
0,NE,violent_crime_rate,random_forest,0.9191776212915277,0.7530896434997845
0,NE,robbery_rate,linear_regression,0.1895779833959974,-0.23370780874522024
0,NE,robbery_rate,random_forest,0.7826146438807683,0.6126925666196923
0,NE,aggravated_assault_rate,linear_regression,0.15570459520043578,-0.5420193817492853
0,NE,aggravated_assault_rate,random_forest,0.9065748733880532,0.6238039342071366
0,NE,property_crime_rate,linear_regression,0.7696123193702197,0.34641896418391016
0,NE,property_crime_rate,random_forest,0.9774256760938982,0.8180049340134825
0,NE,burglary_rate,linear_regression,0.9694141333266132,0.8429422593047435
0,NE,burglary_rate,random_forest,0.9878484646206218,0.8705288363415798
0,NE,larceny_rate,linear_regression,0.718672675492412,0.2755615141300721
0,NE,larceny_rate,random_forest,0.9796034345787444,0.8534833728923897
0,NE,motor_vehicle_theft_rate,linear_regression,0.256163516352495,-0.3620915348331686
0,NE,motor_vehicle_theft_rate,random_forest,0.9634952433185605,0.6581346986198371
0,NH,homicide_rate,linear_regression,0.45694377875493886,0.23704604678239105
0,NH,homicide_rate,random_forest,0.8473848681077204,-0.46764965519205126
0,NH,violent_crime_rate,linear_regression,0.40421005113388975,-0.14885781221219752
0,NH,violent_crime_rate,random_forest,0.89286015080203,0.4097915432434326
0,NH,robbery_rate,linear_regression,0.1424110396160012,-0.12628028052635543
0,NH,robbery_rate,random_forest,0.7533083318665278,0.4512272980243832
0,NH,aggravated_assault_rate,linear_regression,0.22292291459456703,-0.5352497261946907
0,NH,aggravated_assault_rate,random_forest,0.8840311999840739,0.39756152452447535
0,NH,property_crime_rate,linear_regression,0.8297470485044962,0.8369846974145301
0,NH,property_crime_rate,random_forest,0.9694437785770621,0.9302033779035374
0,NH,burglary_rate,linear_regression,0.7516811243916011,0.8554204685067205
0,NH,burglary_rate,random_forest,0.9784140187584215,0.96039431247855
0,NH,larceny_rate,linear_regression,0.7979178311171901,0.7729120114471382
0,NH,larceny_rate,random_forest,0.955829810481975,0.8725110940060348
0,NH,motor_vehicle_theft_rate,linear_regression,0.8996281360425707,0.7533957882547249
0,NH,motor_vehicle_theft_rate,random_forest,0.9709323547857283,0.8356419198537648
0,NJ,homicide_rate,linear_regression,0.6973961877595387,0.5461403177352591
0,NJ,homicide_rate,random_forest,0.9334223228137734,0.8085832686800303
0,NJ,violent_crime_rate,linear_regression,0.8803557224214973,0.605614784520913
0,NJ,violent_crime_rate,random_forest,0.98571589818556,0.8854024765910526
0,NJ,robbery_rate,linear_regression,0.8890099704326148,0.6990498961450757
0,NJ,robbery_rate,random_forest,0.9754300789128898,0.8799740630323438
0,NJ,aggravated_assault_rate,linear_regression,0.7993299790906399,0.30962483796618945
0,NJ,aggravated_assault_rate,random_forest,0.9859263921613202,0.7961729726593201
0,NJ,property_crime_rate,linear_regression,0.9664095818446906,0.917547752911064
0,NJ,property_crime_rate,random_forest,0.9937762885549908,0.9734260111862254
0,NJ,burglary_rate,linear_regression,0.8889521894821085,0.8711195457345839
0,NJ,burglary_rate,random_forest,0.9864004699955466,0.9681606390292918
0,NJ,larceny_rate,linear_regression,0.9661652409740644,0.9434924343885368
0,NJ,larceny_rate,random_forest,0.9931346684606546,0.9789127700977066
0,NJ,motor_vehicle_theft_rate,linear_regression,0.8120125617429692,0.6530747909193133
0,NJ,motor_vehicle_theft_rate,random_forest,0.9749861844682233,0.9193438581877663
0,NM,homicide_rate,linear_regression,0.5943188748861172,0.4696206861352894
0,NM,homicide_rate,random_forest,0.8199856684556056,0.8154270382635751
0,NM,violent_crime_rate,linear_regression,0.08654767988952461,-0.525993007149756
0,NM,violent_crime_rate,random_forest,0.8938341741376457,0.645202904537463
0,NM,robbery_rate,linear_regression,0.26853827019661913,0.25614736601204247
0,NM,robbery_rate,random_forest,0.9004441984069954,0.2443310965347767
0,NM,aggravated_assault_rate,linear_regression,0.06555968528878708,-0.7251170459576892
0,NM,aggravated_assault_rate,random_forest,0.8802273341707416,0.6608309199730857
0,NM,property_crime_rate,linear_regression,0.8418601716872577,0.6938213721948665
0,NM,property_crime_rate,random_forest,0.9830237349312388,0.8885288091993432
0,NM,burglary_rate,linear_regression,0.9233433732389166,0.7168153378277458
0,NM,burglary_rate,random_forest,0.9867951472660521,0.9451938074619867
0,NM,larceny_rate,linear_regression,0.827638172153936,0.6582738231269538
0,NM,larceny_rate,random_forest,0.9802395222778667,0.863047353297794
0,NM,motor_vehicle_theft_rate,linear_regression,0.22724123614328773,0.28143848571287355
0,NM,motor_vehicle_theft_rate,random_forest,0.7501278469280377,0.343687179995114
0,NV,homicide_rate,linear_regression,0.7613565262160641,0.5463055144743529
0,NV,homicide_rate,random_forest,0.9356539765509735,0.8258097409707168
0,NV,violent_crime_rate,linear_regression,0.33770045083935873,-0.048083067919292066
0,NV,violent_crime_rate,random_forest,0.8172490343151579,0.18945769233540355
0,NV,robbery_rate,linear_regression,0.7223327634640031,0.6873625480359968
0,NV,robbery_rate,random_forest,0.9371100725315054,0.8113622763148296
0,NV,aggravated_assault_rate,linear_regression,0.11006559191248244,-1.3578735098318244
0,NV,aggravated_assault_rate,random_forest,0.7689370198977961,-0.7652977108406749
0,NV,property_crime_rate,linear_regression,0.9424942581307112,0.9197849224044902
0,NV,property_crime_rate,random_forest,0.9903155919804963,0.9549015763212327
0,NV,burglary_rate,linear_regression,0.8248637815768721,0.8089734264515691
0,NV,burglary_rate,random_forest,0.9818825649727634,0.9487134533885173
0,NV,larceny_rate,linear_regression,0.9409105014693058,0.9196362569304248
0,NV,larceny_rate,random_forest,0.9912368830009266,0.9667470301964706
0,NV,motor_vehicle_theft_rate,linear_regression,0.11630016111036778,0.05507167307146088
0,NV,motor_vehicle_theft_rate,random_forest,0.9263179453770586,0.7773234077894673
0,NY,homicide_rate,linear_regression,0.8215308615182622,0.49177507719505953
0,NY,homicide_rate,random_forest,0.9906220885886906,0.9028286858053208
0,NY,violent_crime_rate,linear_regression,0.8272726416390701,0.6279684772928468
0,NY,violent_crime_rate,random_forest,0.9906838727492373,0.9435573019243413
0,NY,robbery_rate,linear_regression,0.8831565739866813,0.7304144339288435
0,NY,robbery_rate,random_forest,0.9875672271450374,0.9180668337988976
0,NY,aggravated_assault_rate,linear_regression,0.5988562805894906,0.16361409823495
0,NY,aggravated_assault_rate,random_forest,0.9781319734584358,0.9305606991598306
0,NY,property_crime_rate,linear_regression,0.9282175869616188,0.8487393741501885
0,NY,property_crime_rate,random_forest,0.9936023519153541,0.9610637480221126
0,NY,burglary_rate,linear_regression,0.8900259262853366,0.8738141623442985
0,NY,burglary_rate,random_forest,0.9927096835355356,0.9815337125455464
0,NY,larceny_rate,linear_regression,0.9229896007109875,0.8528460176519775
0,NY,larceny_rate,random_forest,0.9954969062358361,0.9559242389258591
0,NY,motor_vehicle_theft_rate,linear_regression,0.8164155653860292,0.521230828442516
0,NY,motor_vehicle_theft_rate,random_forest,0.9829617030876616,0.9245987922231872
0,OH,homicide_rate,linear_regression,0.5518658628756516,-0.4121228014352001
0,OH,homicide_rate,random_forest,0.9110469122615533,0.5683409541952211
0,OH,violent_crime_rate,linear_regression,0.7202781731321788,-0.5771628329916545
0,OH,violent_crime_rate,random_forest,0.946592291744934,0.2729564795557491
0,OH,robbery_rate,linear_regression,0.651564215821663,-0.03761251707654889
0,OH,robbery_rate,random_forest,0.885505530830829,0.5276577147021562
0,OH,aggravated_assault_rate,linear_regression,0.6375532745874113,-0.45697835883341753
0,OH,aggravated_assault_rate,random_forest,0.9631284198597285,0.5598330956911658
0,OH,property_crime_rate,linear_regression,0.8727607419234193,0.7097567204439401
0,OH,property_crime_rate,random_forest,0.9773637482000457,0.8841580193657352
0,OH,burglary_rate,linear_regression,0.6808510982649264,0.7109096469939414
0,OH,burglary_rate,random_forest,0.9709353495989415,0.8032306013674115
0,OH,larceny_rate,linear_regression,0.8279402191019705,0.6132534553553018
0,OH,larceny_rate,random_forest,0.9719216722615268,0.8535238527753185
0,OH,motor_vehicle_theft_rate,linear_regression,0.7324535347155808,0.6441590017741314
0,OH,motor_vehicle_theft_rate,random_forest,0.967208403202265,0.8574791583580105
0,OK,homicide_rate,linear_regression,0.516301358967874,0.3804740525565855
0,OK,homicide_rate,random_forest,0.8518924982261886,0.7373549781906585
0,OK,violent_crime_rate,linear_regression,0.05724164911198537,-2.348707999309038
0,OK,violent_crime_rate,random_forest,0.9127065886081731,0.17806716890089946
0,OK,robbery_rate,linear_regression,0.7274983261948431,-0.14943944319219393
0,OK,robbery_rate,random_forest,0.9273827556455057,0.49041436748491407
0,OK,aggravated_assault_rate,linear_regression,0.045373520715944804,-0.6410238171896219
0,OK,aggravated_assault_rate,random_forest,0.9391632688201744,0.8100065779123373
0,OK,property_crime_rate,linear_regression,0.7800477758330815,0.5227783346865211
0,OK,property_crime_rate,random_forest,0.9634670104583771,0.8591171368885999
0,OK,burglary_rate,linear_regression,0.9183366065342795,0.7870635865023325
0,OK,burglary_rate,random_forest,0.9822816912208403,0.9181535461005623
0,OK,larceny_rate,linear_regression,0.5018321278356921,0.015853723228775096
0,OK,larceny_rate,random_forest,0.9620880799863692,0.6958358183247724
0,OK,motor_vehicle_theft_rate,linear_regression,0.6978981612043423,0.15993677444973375
0,OK,motor_vehicle_theft_rate,random_forest,0.9518882704486401,0.7712789839071901
0,OR,homicide_rate,linear_regression,0.6963658381402891,0.2945775917041573
0,OR,homicide_rate,random_forest,0.9478871227629538,0.8529161147981443
0,OR,violent_crime_rate,linear_regression,0.7935935266024071,0.840755718016547
0,OR,violent_crime_rate,random_forest,0.9918823516219853,0.9232028451804355
0,OR,robbery_rate,linear_regression,0.8849764808758613,0.6806680316765572
0,OR,robbery_rate,random_forest,0.9895313681766975,0.9185655257864139
0,OR,aggravated_assault_rate,linear_regression,0.6618080139874725,0.7979119685477514
0,OR,aggravated_assault_rate,random_forest,0.9786555343590247,0.7696977292183634
0,OR,property_crime_rate,linear_regression,0.9087007598159725,0.8861267636875045
0,OR,property_crime_rate,random_forest,0.9810430364284358,0.9113309128396472
0,OR,burglary_rate,linear_regression,0.9089082217007147,0.8745582755573899
0,OR,burglary_rate,random_forest,0.9904558944106089,0.9616839732933282
0,OR,larceny_rate,linear_regression,0.8477886873886219,0.8118438034485551
0,OR,larceny_rate,random_forest,0.9741005165770954,0.8840716592890077
0,OR,motor_vehicle_theft_rate,linear_regression,0.21447888549726213,-1.397405402856759
0,OR,motor_vehicle_theft_rate,random_forest,0.8709881013317412,-1.1040489203801904
0,PA,homicide_rate,linear_regression,0.29399388191110276,-0.7762724706722295
0,PA,homicide_rate,random_forest,0.7283082531952603,-0.27909140346926686
0,PA,violent_crime_rate,linear_regression,0.12508237765493024,-0.42432259379481607
0,PA,violent_crime_rate,random_forest,0.9317182607875903,0.5835324746466242
0,PA,robbery_rate,linear_regression,0.6289766319519056,0.21934936285591533
0,PA,robbery_rate,random_forest,0.914785985163913,0.7904873348016204
0,PA,aggravated_assault_rate,linear_regression,0.0727146229198451,0.2071289366572675
0,PA,aggravated_assault_rate,random_forest,0.8649203781991229,0.5613383669227667
0,PA,property_crime_rate,linear_regression,0.854321871917946,0.7676838654064155
0,PA,property_crime_rate,random_forest,0.9801332576163838,0.9582098832816535
0,PA,burglary_rate,linear_regression,0.9048368525272955,0.8956259123138284
0,PA,burglary_rate,random_forest,0.9888838531056121,0.9675889824344068
0,PA,larceny_rate,linear_regression,0.5039401070786483,0.3343489393914698
0,PA,larceny_rate,random_forest,0.9279561542130141,0.8466065111667277
0,PA,motor_vehicle_theft_rate,linear_regression,0.7377535865674647,0.611328023696559
0,PA,motor_vehicle_theft_rate,random_forest,0.9769127152941091,0.9387572266526484
0,RI,homicide_rate,linear_regression,0.5831789143648762,0.4061279998993216
0,RI,homicide_rate,random_forest,0.824547978878856,0.044080654135620234
0,RI,violent_crime_rate,linear_regression,0.8466836544574091,0.37324210277052383
0,RI,violent_crime_rate,random_forest,0.9562731525070678,0.7907413368088488
0,RI,robbery_rate,linear_regression,0.8761297362037813,0.8908579853305979
0,RI,robbery_rate,random_forest,0.9516701241096635,0.924705373606546
0,RI,aggravated_assault_rate,linear_regression,0.793460185850661,-0.5371954164056689
0,RI,aggravated_assault_rate,random_forest,0.9416463614319529,-0.028364552794442277
0,RI,property_crime_rate,linear_regression,0.96186441642616,0.9365261596917815
0,RI,property_crime_rate,random_forest,0.9898124908747957,0.9515328208204955
0,RI,burglary_rate,linear_regression,0.9145686582239156,0.9220738953621904
0,RI,burglary_rate,random_forest,0.9869895050437372,0.9633066767100253
0,RI,larceny_rate,linear_regression,0.9541902330064507,0.8877180941198781
0,RI,larceny_rate,random_forest,0.9859489294471097,0.9150234778322055
0,RI,motor_vehicle_theft_rate,linear_regression,0.8691828139999824,0.8869265333308841
0,RI,motor_vehicle_theft_rate,random_forest,0.9811043886560326,0.9401229620223932
0,SC,homicide_rate,linear_regression,0.6684364408808214,0.186049064822712
0,SC,homicide_rate,random_forest,0.9051498927502692,0.47611518170791867
0,SC,violent_crime_rate,linear_regression,0.24993765308290838,-0.7255635400174125
0,SC,violent_crime_rate,random_forest,0.9598928743985433,0.8788099806952971
0,SC,robbery_rate,linear_regression,0.20983874208192277,-0.4811750424517087
0,SC,robbery_rate,random_forest,0.9566193873934548,0.8995935905318625
0,SC,aggravated_assault_rate,linear_regression,0.260500853359215,-0.612121640442649
0,SC,aggravated_assault_rate,random_forest,0.9615834830232006,0.8364861612474537
0,SC,property_crime_rate,linear_regression,0.5917164408541571,-0.02683314596438069
0,SC,property_crime_rate,random_forest,0.958100684670113,0.6966975699175465
0,SC,burglary_rate,linear_regression,0.920348368717741,0.7561395388337663
0,SC,burglary_rate,random_forest,0.9787222179828294,0.8504279730758642
0,SC,larceny_rate,linear_regression,0.3416725031321749,-0.6467206803147365
0,SC,larceny_rate,random_forest,0.9512071214018363,0.7346541328324048
0,SC,motor_vehicle_theft_rate,linear_regression,0.03585378457119004,-0.33092371430102796
0,SC,motor_vehicle_theft_rate,random_forest,0.9324625076268916,0.8057266817722529
0,SD,homicide_rate,linear_regression,0.38163321588871524,-1.1980903362510738
0,SD,homicide_rate,random_forest,0.7769988537804902,0.3555147998246214
0,SD,violent_crime_rate,linear_regression,0.7824169899538274,0.6240938920517308
0,SD,violent_crime_rate,random_forest,0.9734792318289324,0.8180303976778001
0,SD,robbery_rate,linear_regression,0.2956206138888846,-0.22325561889709045
0,SD,robbery_rate,random_forest,0.7605325625688475,0.5333856902367409
0,SD,aggravated_assault_rate,linear_regression,0.7149301327245763,0.5022734757380657
0,SD,aggravated_assault_rate,random_forest,0.9664741405059655,0.819966714036491
0,SD,property_crime_rate,linear_regression,0.6931444547692363,0.55293155880879
0,SD,property_crime_rate,random_forest,0.9624092235797999,0.8387302761273367
0,SD,burglary_rate,linear_regression,0.827516353545828,0.7923742736996295
0,SD,burglary_rate,random_forest,0.9604032598855482,0.9100104655299369
0,SD,larceny_rate,linear_regression,0.663341375380041,0.4726179415869426
0,SD,larceny_rate,random_forest,0.9619626895538568,0.744189924807612
0,SD,motor_vehicle_theft_rate,linear_regression,0.1449454660370948,-0.10195746511186021
0,SD,motor_vehicle_theft_rate,random_forest,0.8947044940180848,0.5632755650210053
0,TN,homicide_rate,linear_regression,0.6742863183725744,-0.6279501978699047
0,TN,homicide_rate,random_forest,0.9337806183714301,-0.027832272464521024
0,TN,violent_crime_rate,linear_regression,0.19449411629595215,0.1199630774418241
0,TN,violent_crime_rate,random_forest,0.9777086865838298,0.9327086466900768
0,TN,robbery_rate,linear_regression,0.575731222850556,0.1635223449839338
0,TN,robbery_rate,random_forest,0.9438741763482009,0.76443850522128
0,TN,aggravated_assault_rate,linear_regression,0.49824787035158635,0.6012506925784086
0,TN,aggravated_assault_rate,random_forest,0.9821753379796934,0.935665732788257
0,TN,property_crime_rate,linear_regression,0.3621058337506782,-0.570300485830258
0,TN,property_crime_rate,random_forest,0.9616123961162985,0.6862470955964024
0,TN,burglary_rate,linear_regression,0.854617479376788,0.627616248664078
0,TN,burglary_rate,random_forest,0.9794440286444901,0.8609687775071151
0,TN,larceny_rate,linear_regression,0.03679380551476774,-0.8278561469789953
0,TN,larceny_rate,random_forest,0.9581999310672742,0.7330127817434078
0,TN,motor_vehicle_theft_rate,linear_regression,0.3719464377149875,-0.6438251381890567
0,TN,motor_vehicle_theft_rate,random_forest,0.9662003768906641,0.8756220749839356
0,TX,homicide_rate,linear_regression,0.8866780549260102,0.6876061547427157
0,TX,homicide_rate,random_forest,0.9890531123662867,0.9576111356668985
0,TX,violent_crime_rate,linear_regression,0.5119434509712597,-2.9921700862706806
0,TX,violent_crime_rate,random_forest,0.9149014516513665,-0.18740802916932853
0,TX,robbery_rate,linear_regression,0.7490583343855028,0.09859100115165043
0,TX,robbery_rate,random_forest,0.9685423771770044,0.7236414760087954
0,TX,aggravated_assault_rate,linear_regression,0.24853779899302753,-2.365824553564172
0,TX,aggravated_assault_rate,random_forest,0.9081750462370431,0.2751268971506705
0,TX,property_crime_rate,linear_regression,0.7990437927024306,0.6189801001722952
0,TX,property_crime_rate,random_forest,0.9813773987118253,0.9363555890850077
0,TX,burglary_rate,linear_regression,0.8627523317508209,0.8528895000083483
0,TX,burglary_rate,random_forest,0.9848947452202701,0.9628063930810568
0,TX,larceny_rate,linear_regression,0.6899231370955784,0.34392844088882624
0,TX,larceny_rate,random_forest,0.9521884837429923,0.8866037218984885
0,TX,motor_vehicle_theft_rate,linear_regression,0.6841777153069896,0.0007679759761065608
0,TX,motor_vehicle_theft_rate,random_forest,0.9583148138458023,0.8739061659556563
0,UT,homicide_rate,linear_regression,0.7542929762780666,-0.19171803880312988
0,UT,homicide_rate,random_forest,0.9208816953292673,0.1326851690073081
0,UT,violent_crime_rate,linear_regression,0.4415781090797345,-0.312214218859616
0,UT,violent_crime_rate,random_forest,0.9206569011908468,0.29311976615517077
0,UT,robbery_rate,linear_regression,0.7219096854673841,0.43582487992801355
0,UT,robbery_rate,random_forest,0.9393178525766689,0.8381474300993524
0,UT,aggravated_assault_rate,linear_regression,0.5221942853009329,0.42374300217834715
0,UT,aggravated_assault_rate,random_forest,0.9563518173935447,0.6177182071721556
0,UT,property_crime_rate,linear_regression,0.8501855851936,0.7859262669896989
0,UT,property_crime_rate,random_forest,0.9865212378181949,0.8962433580817798
0,UT,burglary_rate,linear_regression,0.9539232299407414,0.9274705148283893
0,UT,burglary_rate,random_forest,0.9836171723256906,0.9317293646068244
0,UT,larceny_rate,linear_regression,0.7872967850905637,0.6075927063195552
0,UT,larceny_rate,random_forest,0.9866163955448186,0.8779264468316242
0,UT,motor_vehicle_theft_rate,linear_regression,0.3306476152767741,-0.41599360086439363
0,UT,motor_vehicle_theft_rate,random_forest,0.8132933508074012,0.4423873956764871
0,VA,homicide_rate,linear_regression,0.7033620756332799,0.4517646209102184
0,VA,homicide_rate,random_forest,0.9416825693864106,0.7794899327852373
0,VA,violent_crime_rate,linear_regression,0.5984921885631347,0.47059697429128344
0,VA,violent_crime_rate,random_forest,0.9718955300046035,0.8673116246106058
0,VA,robbery_rate,linear_regression,0.7396366098470374,0.7096315419047381
0,VA,robbery_rate,random_forest,0.961886519647711,0.8401973418851847
0,VA,aggravated_assault_rate,linear_regression,0.44666748950422597,0.036099954367804776
0,VA,aggravated_assault_rate,random_forest,0.9642685529034094,0.8604931395115735
0,VA,property_crime_rate,linear_regression,0.9293587434133224,0.8647207689711067
0,VA,property_crime_rate,random_forest,0.9803559492142843,0.8967646087286758
0,VA,burglary_rate,linear_regression,0.9397742090197486,0.9202686078251233
0,VA,burglary_rate,random_forest,0.9897117475370728,0.970060086437715
0,VA,larceny_rate,linear_regression,0.8659162118660961,0.7264582925022351
0,VA,larceny_rate,random_forest,0.9766190648246293,0.8276723058316784
0,VA,motor_vehicle_theft_rate,linear_regression,0.4998850701443007,0.1035200453777001
0,VA,motor_vehicle_theft_rate,random_forest,0.9603166420327226,0.8322298890517124
0,VT,homicide_rate,linear_regression,0.3609285043573849,-1.251423546163232
0,VT,homicide_rate,random_forest,0.7074095376331825,-0.9770571796107006
0,VT,violent_crime_rate,linear_regression,0.10795200846648578,-0.4390315114989307
0,VT,violent_crime_rate,random_forest,0.8218368573983136,0.5039264233228693
0,VT,robbery_rate,linear_regression,0.27439577434350815,0.47966778171520885
0,VT,robbery_rate,random_forest,0.8784339360383464,0.6564961347077689
0,VT,aggravated_assault_rate,linear_regression,0.2519588285140989,-0.9079650666248353
0,VT,aggravated_assault_rate,random_forest,0.7601356652484026,-0.08855873114708501
0,VT,property_crime_rate,linear_regression,0.930441641353773,0.9374594227165941
0,VT,property_crime_rate,random_forest,0.9806556019292476,0.9460051156894667
0,VT,burglary_rate,linear_regression,0.8645626832151354,0.9013709128083505
0,VT,burglary_rate,random_forest,0.9795319758361158,0.9567971209041788
0,VT,larceny_rate,linear_regression,0.924282850498663,0.9368457030433937
0,VT,larceny_rate,random_forest,0.9738433161522266,0.9444525420751635
0,VT,motor_vehicle_theft_rate,linear_regression,0.8782100547026124,0.7679580955442624
0,VT,motor_vehicle_theft_rate,random_forest,0.9750455970653167,0.8756752201251852
0,WA,homicide_rate,linear_regression,0.7825140189611095,0.16836295372919807
0,WA,homicide_rate,random_forest,0.9518270554315864,0.6266940163550874
0,WA,violent_crime_rate,linear_regression,0.6683253536879954,0.5196842067023686
0,WA,violent_crime_rate,random_forest,0.962257356646489,0.7922014172493419
0,WA,robbery_rate,linear_regression,0.783422791438743,0.6495951815617682
0,WA,robbery_rate,random_forest,0.9791501118645989,0.7984528977009026
0,WA,aggravated_assault_rate,linear_regression,0.6004263136120301,0.3602396183659161
0,WA,aggravated_assault_rate,random_forest,0.9660325020204433,0.7007061581479272
0,WA,property_crime_rate,linear_regression,0.9364617142738271,0.9198698510438218
0,WA,property_crime_rate,random_forest,0.9860640048799709,0.9350631597996106
0,WA,burglary_rate,linear_regression,0.8510819120924957,0.9221366616874468
0,WA,burglary_rate,random_forest,0.9873382972385599,0.9833875464157578
0,WA,larceny_rate,linear_regression,0.907645317177182,0.8263866338006023
0,WA,larceny_rate,random_forest,0.9907758398111379,0.8933918548402319
0,WA,motor_vehicle_theft_rate,linear_regression,0.0886240115716227,0.15817551676780195
0,WA,motor_vehicle_theft_rate,random_forest,0.9252698796467593,0.8620566935614107
0,WI,homicide_rate,linear_regression,0.18220576726746562,-0.2973859589223222
0,WI,homicide_rate,random_forest,0.8481945687822874,0.17938646589573193
0,WI,violent_crime_rate,linear_regression,0.5104003226172464,0.7777334641895685
0,WI,violent_crime_rate,random_forest,0.8621081382030344,0.841008163797067
0,WI,robbery_rate,linear_regression,0.08449032755779273,-0.8794118294145403
0,WI,robbery_rate,random_forest,0.9091827918112521,0.48737648193507
0,WI,aggravated_assault_rate,linear_regression,0.5944907907342054,0.7905558567522382
0,WI,aggravated_assault_rate,random_forest,0.9116164420774538,0.7654678851726692
0,WI,property_crime_rate,linear_regression,0.9552621632739321,0.9230282652285147
0,WI,property_crime_rate,random_forest,0.9872203237235415,0.928375034442582
0,WI,burglary_rate,linear_regression,0.9207358002743969,0.9083367024958285
0,WI,burglary_rate,random_forest,0.9867078258194407,0.9271399412760402
0,WI,larceny_rate,linear_regression,0.9566097456766505,0.9194423549062559
0,WI,larceny_rate,random_forest,0.9893285325119634,0.9297515709783056
0,WI,motor_vehicle_theft_rate,linear_regression,0.3822968715334162,-1.056357411019889
0,WI,motor_vehicle_theft_rate,random_forest,0.9363761681761804,0.8194021963707536
0,WV,homicide_rate,linear_regression,0.4599373430850374,-0.3021508720738222
0,WV,homicide_rate,random_forest,0.8679885252251132,0.08975751596894499
0,WV,violent_crime_rate,linear_regression,0.8897661182347218,0.604475801103694
0,WV,violent_crime_rate,random_forest,0.9740751654238626,0.7253836866919654
0,WV,robbery_rate,linear_regression,0.2676293805476342,0.16447743823813532
0,WV,robbery_rate,random_forest,0.8233082797735574,0.5372253999474621
0,WV,aggravated_assault_rate,linear_regression,0.901319292222617,0.5115983151768249
0,WV,aggravated_assault_rate,random_forest,0.9787366684226841,0.7014729421957968
0,WV,property_crime_rate,linear_regression,0.18507990142927722,0.11006263173217312
0,WV,property_crime_rate,random_forest,0.8471639030185741,0.7300606330537769
0,WV,burglary_rate,linear_regression,0.6246646639877025,0.642959141543872
0,WV,burglary_rate,random_forest,0.8931908592468917,0.7856615562457615
0,WV,larceny_rate,linear_regression,0.06530570555527049,-0.16211033124423646
0,WV,larceny_rate,random_forest,0.8147190168864392,0.7096509363869801
0,WV,motor_vehicle_theft_rate,linear_regression,0.3022059104335615,0.11017506394509091
0,WV,motor_vehicle_theft_rate,random_forest,0.9359416493375448,0.6135076552313632
